{
	"STS12": {
		"MSRpar": {
			"pearson": [
				0.4035734933020004,
				9.555153613244056e-31
			],
			"spearman": SpearmanrResult[correlation=0.44457741410054696, pvalue=1.1139001433376385e-37
			],
			"nsamples": 750
		},
		"MSRvid": {
			"pearson": [
				0.7376948488447449,
				9.557146924962567e-130
			],
			"spearman": SpearmanrResult[correlation=0.7378771939760262, pvalue=7.661479871676265e-130
			],
			"nsamples": 750
		},
		"SMTeuroparl": {
			"pearson": [
				0.5336955114087639,
				3.754086457907109e-35
			],
			"spearman": SpearmanrResult[correlation=0.6244805220928923, pvalue=5.3277271407316726e-51
			],
			"nsamples": 459
		},
		"surprise.OnWN": {
			"pearson": [
				0.6891981421168442,
				9.274139177268888e-107
			],
			"spearman": SpearmanrResult[correlation=0.6750386174356464, pvalue=7.001427600419267e-101
			],
			"nsamples": 750
		},
		"surprise.SMTnews": {
			"pearson": [
				0.5519509245992604,
				3.4302786626765775e-33
			],
			"spearman": SpearmanrResult[correlation=0.4592201721094172, pvalue=3.302310168028706e-22
			],
			"nsamples": 399
		},
		"all": {
			"pearson": {
				"mean": 0.5832225840543228,
				"wmean": 0.591391416296467
			},
			"spearman": {
				"mean": 0.5882387839429059,
				"wmean": 0.599416128522027
			}
		}
	},
	"STS13": {
		"FNWN": {
			"pearson": [
				0.39828218550950517,
				1.3808843739992587e-08
			],
			"spearman": SpearmanrResult[correlation=0.3998504535059686, pvalue=1.1970069020471795e-08
			],
			"nsamples": 189
		},
		"headlines": {
			"pearson": [
				0.7082976679722242,
				3.022351681728751e-115
			],
			"spearman": SpearmanrResult[correlation=0.7024930537433366, pvalue=1.353472295762943e-112
			],
			"nsamples": 750
		},
		"OnWN": {
			"pearson": [
				0.6302876327381577,
				1.8757276305373603e-63
			],
			"spearman": SpearmanrResult[correlation=0.6625787673842278, pvalue=3.4565265270224577e-72
			],
			"nsamples": 561
		},
		"all": {
			"pearson": {
				"mean": 0.5789558287399623,
				"wmean": 0.6400599640043808
			},
			"spearman": {
				"mean": 0.5883074248778443,
				"wmean": 0.6494321430151215
			}
		}
	},
	"STS14": {
		"deft-forum": {
			"pearson": [
				0.4019239269448256,
				6.710549960809714e-19
			],
			"spearman": SpearmanrResult[correlation=0.4107394104609233, pvalue=9.611685829436078e-20
			],
			"nsamples": 450
		},
		"deft-news": {
			"pearson": [
				0.7114561139695166,
				1.4255657048092502e-47
			],
			"spearman": SpearmanrResult[correlation=0.6746283266258786, pvalue=3.484292734668525e-41
			],
			"nsamples": 300
		},
		"headlines": {
			"pearson": [
				0.6602346296307412,
				4.454191561488657e-95
			],
			"spearman": SpearmanrResult[correlation=0.6177235805545531, pvalue=4.097502520220747e-80
			],
			"nsamples": 750
		},
		"images": {
			"pearson": [
				0.7146942406511635,
				3.0348286979192404e-118
			],
			"spearman": SpearmanrResult[correlation=0.6962086671157499, pvalue=8.510069216875634e-110
			],
			"nsamples": 750
		},
		"OnWN": {
			"pearson": [
				0.7046544544395364,
				1.418598575485028e-113
			],
			"spearman": SpearmanrResult[correlation=0.7447769873056215, pvalue=1.5527542377426463e-133
			],
			"nsamples": 750
		},
		"tweet-news": {
			"pearson": [
				0.7016114484458575,
				3.376508320211286e-112
			],
			"spearman": SpearmanrResult[correlation=0.6608883434723788, pvalue=2.508838067818573e-95
			],
			"nsamples": 750
		},
		"all": {
			"pearson": {
				"mean": 0.6490958023469401,
				"wmean": 0.6613863149844
			},
			"spearman": {
				"mean": 0.6341608859225176,
				"wmean": 0.6471785110750418
			}
		}
	},
	"STS15": {
		"answers-forums": {
			"pearson": [
				0.5686634124736745,
				1.6523040526506596e-33
			],
			"spearman": SpearmanrResult[correlation=0.5667587818320671, pvalue=3.0059573028293525e-33
			],
			"nsamples": 375
		},
		"answers-students": {
			"pearson": [
				0.7174046929808274,
				1.536719010082612e-119
			],
			"spearman": SpearmanrResult[correlation=0.7407585500305944, pvalue=2.2717816286577133e-131
			],
			"nsamples": 750
		},
		"belief": {
			"pearson": [
				0.6060188423410026,
				5.754410976850431e-39
			],
			"spearman": SpearmanrResult[correlation=0.6495650033746734, pvalue=2.5721260812965707e-46
			],
			"nsamples": 375
		},
		"headlines": {
			"pearson": [
				0.725245901289906,
				2.2451088465345296e-123
			],
			"spearman": SpearmanrResult[correlation=0.7184495802726716, pvalue=4.820352434688322e-120
			],
			"nsamples": 750
		},
		"images": {
			"pearson": [
				0.7611776171120703,
				8.191808521601678e-143
			],
			"spearman": SpearmanrResult[correlation=0.7771664976680736, pvalue=1.3090885009636187e-152
			],
			"nsamples": 750
		},
		"all": {
			"pearson": {
				"mean": 0.6757020932394961,
				"wmean": 0.6977923346975355
			},
			"spearman": {
				"mean": 0.690539682635616,
				"wmean": 0.7111341301436775
			}
		}
	},
	"STS16": {
		"answer-answer": {
			"pearson": [
				0.44982434885587036,
				4.679271626994437e-14
			],
			"spearman": SpearmanrResult[correlation=0.49412919201029354, pvalue=4.82753566221388e-17
			],
			"nsamples": 254
		},
		"headlines": {
			"pearson": [
				0.7036880038106074,
				1.5621219104767864e-38
			],
			"spearman": SpearmanrResult[correlation=0.7129499446296715, pvalue=5.965634608876738e-40
			],
			"nsamples": 249
		},
		"plagiarism": {
			"pearson": [
				0.7411014461775801,
				2.5223444427436716e-41
			],
			"spearman": SpearmanrResult[correlation=0.7579664670054429, pvalue=3.4235561914192636e-44
			],
			"nsamples": 230
		},
		"postediting": {
			"pearson": [
				0.6877948539990341,
				1.5962088326357638e-35
			],
			"spearman": SpearmanrResult[correlation=0.7831132904894483, pvalue=7.788985858357791e-52
			],
			"nsamples": 244
		},
		"question-question": {
			"pearson": [
				0.6262142146036357,
				3.688916301711179e-24
			],
			"spearman": SpearmanrResult[correlation=0.6640348812463119, pvalue=6.031189328201847e-28
			],
			"nsamples": 209
		},
		"all": {
			"pearson": {
				"mean": 0.6417245734893455,
				"wmean": 0.6396523991627318
			},
			"spearman": {
				"mean": 0.6824387550762336,
				"wmean": 0.6806311732331864
			}
		}
	},
	"MR": {
		"devacc": 78.44,
		"acc": 77.99,
		"ndev": 10662,
		"ntest": 10662
	},
	"CR": {
		"devacc": 81.1,
		"acc": 80.69,
		"ndev": 3775,
		"ntest": 3775
	},
	"MPQA": {
		"devacc": 87.75,
		"acc": 87.78,
		"ndev": 10606,
		"ntest": 10606
	},
	"SUBJ": {
		"devacc": 92.41,
		"acc": 91.97,
		"ndev": 10000,
		"ntest": 10000
	},
	"SST2": {
		"devacc": 79.7,
		"acc": 82.15,
		"ndev": 872,
		"ntest": 1821
	},
	"SST5": {
		"devacc": 44.5,
		"acc": 44.3,
		"ndev": 1101,
		"ntest": 2210
	},
	"TREC": {
		"devacc": 75.83,
		"acc": 84.4,
		"ndev": 5452,
		"ntest": 500
	},
	"MRPC": {
		"devacc": 72.94,
		"acc": 74.38,
		"f1": 82.88,
		"ndev": 4076,
		"ntest": 1725
	},
	"SICKEntailment": {
		"devacc": 82.0,
		"acc": 79.6,
		"ndev": 500,
		"ntest": 4927
	},
	"SICKRelatedness": {
		"devpearson": 0.7975449302708969,
		"pearson": 0.8195667556494592,
		"spearman": 0.72983480771097,
		"mse": 0.33412078661458205,
		"yhat": array[
			[
				2.4369098,
				4.56017819,
				1.00033273, ...,
				3.32018625,
				4.1752478,
				4.31752061
			]
		],
		"ndev": 500,
		"ntest": 4927
	},
	"STSBenchmark": {
		"devpearson": 0.758802655178166,
		"pearson": 0.7024026627282942,
		"spearman": 0.6825634832021581,
		"mse": 1.3971335226416661,
		"yhat": array[
			[
				1.78265997,
				1.46601513,
				1.51661768, ...,
				3.72753709,
				3.62019954,
				3.17554057
			]
		],
		"ndev": 1500,
		"ntest": 1379
	},
	"Length": {
		"devacc": 54.42,
		"acc": 54.28,
		"ndev": 9996,
		"ntest": 9996
	},
	"WordContent": {
		"devacc": 78.9,
		"acc": 78.81,
		"ndev": 10000,
		"ntest": 10000
	},
	"Depth": {
		"devacc": 31.81,
		"acc": 32.13,
		"ndev": 10000,
		"ntest": 10000
	},
	"TopConstituents": {
		"devacc": 63.21,
		"acc": 63.22,
		"ndev": 10000,
		"ntest": 10000
	},
	"BigramShift": {
		"devacc": 50.83,
		"acc": 50.21,
		"ndev": 10000,
		"ntest": 10000
	},
	"Tense": {
		"devacc": 88.07,